concept:name,lifecycle:transition,time:timestamp
Start,start,2011-06-15 00:06:32+00:00
Start,complete,2011-06-15 00:06:32+00:00
sleep,start,2011-06-15 00:06:32+00:00
sleep,complete,2011-06-15 03:38:29+00:00
toilet,start,2011-06-15 03:38:44+00:00
toilet,complete,2011-06-15 03:41:22+00:00
sleep,start,2011-06-15 03:41:31+00:00
sleep,complete,2011-06-15 08:46:23+00:00
toilet,start,2011-06-15 08:46:36+00:00
toilet,complete,2011-06-15 08:49:39+00:00
dress,start,2011-06-15 08:51:15+00:00
dress,complete,2011-06-15 08:52:27+00:00
sleep,start,2011-06-15 08:54:15+00:00
sleep,complete,2011-06-15 09:48:31+00:00
toilet,start,2011-06-15 09:48:54+00:00
toilet,complete,2011-06-15 09:55:42+00:00
mealpreperation,start,2011-06-15 09:58:39+00:00
mealpreperation,complete,2011-06-15 10:02:51+00:00
eatingdrinking,start,2011-06-15 10:02:55+00:00
eatingdrinking,complete,2011-06-15 10:26:50+00:00
cleaning,start,2011-06-15 10:26:55+00:00
cleaning,complete,2011-06-15 10:28:58+00:00
relax,start,2011-06-15 10:29:17+00:00
relax,complete,2011-06-15 12:09:05+00:00
personalhygiene,start,2011-06-15 12:09:27+00:00
personalhygiene,complete,2011-06-15 12:14:16+00:00
work,start,2011-06-15 12:14:20+00:00
work,complete,2011-06-15 12:40:35+00:00
bathe,start,2011-06-15 12:40:37+00:00
bathe,complete,2011-06-15 12:52:01+00:00
groom,start,2011-06-15 12:52:36+00:00
groom,complete,2011-06-15 12:58:45+00:00
toilet,start,2011-06-15 12:59:26+00:00
toilet,complete,2011-06-15 13:01:16+00:00
mealpreperation,start,2011-06-15 13:01:40+00:00
mealpreperation,complete,2011-06-15 13:13:04+00:00
eatingdrinking,start,2011-06-15 13:13:07+00:00
eatingdrinking,complete,2011-06-15 13:36:31+00:00
cleaning,start,2011-06-15 13:36:32+00:00
cleaning,complete,2011-06-15 13:39:58+00:00
read,start,2011-06-15 13:42:39+00:00
read,complete,2011-06-15 15:19:35+00:00
relax,start,2011-06-15 15:21:14+00:00
relax,complete,2011-06-15 16:04:34+00:00
toilet,start,2011-06-15 16:05:37+00:00
toilet,complete,2011-06-15 16:07:54+00:00
personalhygiene,start,2011-06-15 16:08:12+00:00
personalhygiene,complete,2011-06-15 16:17:41+00:00
snack,start,2011-06-15 16:19:13+00:00
snack,complete,2011-06-15 16:22:54+00:00
personalhygiene,start,2011-06-15 16:45:43+00:00
personalhygiene,complete,2011-06-15 17:26:55+00:00
watchtv,start,2011-06-15 17:28:59+00:00
watchtv,complete,2011-06-15 17:43:02+00:00
outdoors,start,2011-06-15 17:43:04+00:00
outdoors,complete,2011-06-15 17:51:35+00:00
mealpreperation,start,2011-06-15 17:55:11+00:00
mealpreperation,complete,2011-06-15 18:14:48+00:00
eatingdrinking,start,2011-06-15 18:14:53+00:00
eatingdrinking,complete,2011-06-15 18:21:49+00:00
relax,start,2011-06-15 18:22:02+00:00
relax,complete,2011-06-15 18:45:51+00:00
cleaning,start,2011-06-15 18:46:16+00:00
cleaning,complete,2011-06-15 18:47:33+00:00
personalhygiene,start,2011-06-15 18:58:56+00:00
personalhygiene,complete,2011-06-15 19:10:13+00:00
outdoors,start,2011-06-15 19:12:23+00:00
outdoors,complete,2011-06-15 20:41:25+00:00
snack,start,2011-06-15 21:05:10+00:00
snack,complete,2011-06-15 21:09:43+00:00
relax,start,2011-06-15 21:10:09+00:00
relax,complete,2011-06-15 21:43:01+00:00
cleaning,start,2011-06-15 21:43:21+00:00
cleaning,complete,2011-06-15 21:48:12+00:00
relax,start,2011-06-15 21:48:29+00:00
relax,complete,2011-06-15 22:42:55+00:00
personalhygiene,start,2011-06-15 22:54:04+00:00
personalhygiene,complete,2011-06-15 23:19:40+00:00
sleep,start,2011-06-15 23:20:09+00:00
sleep,complete,2011-06-16 07:00:40+00:00
End,start,2011-06-16 07:00:40+00:00
End,complete,2011-06-16 07:00:40+00:00
Start,start,2011-06-16 07:00:53+00:00
Start,complete,2011-06-16 07:00:53+00:00
toilet,start,2011-06-16 07:00:53+00:00
toilet,complete,2011-06-16 07:05:10+00:00
sleep,start,2011-06-16 07:07:03+00:00
sleep,complete,2011-06-16 08:01:44+00:00
snack,start,2011-06-16 08:02:39+00:00
snack,complete,2011-06-16 08:04:19+00:00
relax,start,2011-06-16 08:04:21+00:00
relax,complete,2011-06-16 08:23:55+00:00
mealpreperation,start,2011-06-16 08:23:56+00:00
mealpreperation,complete,2011-06-16 08:27:06+00:00
bathe,start,2011-06-16 08:29:58+00:00
bathe,complete,2011-06-16 08:49:27+00:00
dress,start,2011-06-16 08:49:30+00:00
dress,complete,2011-06-16 08:53:48+00:00
personalhygiene,start,2011-06-16 08:56:28+00:00
personalhygiene,complete,2011-06-16 09:19:46+00:00
outdoors,start,2011-06-16 09:26:20+00:00
outdoors,complete,2011-06-16 12:54:04+00:00
snack,start,2011-06-16 12:56:42+00:00
snack,complete,2011-06-16 13:00:18+00:00
mealpreperation,start,2011-06-16 13:04:01+00:00
mealpreperation,complete,2011-06-16 13:09:52+00:00
eatingdrinking,start,2011-06-16 13:09:53+00:00
eatingdrinking,complete,2011-06-16 13:26:21+00:00
cleaning,start,2011-06-16 13:26:22+00:00
cleaning,complete,2011-06-16 13:27:05+00:00
work,start,2011-06-16 13:36:00+00:00
work,complete,2011-06-16 13:42:24+00:00
sleep,start,2011-06-16 13:44:57+00:00
sleep,complete,2011-06-16 14:45:17+00:00
toilet,start,2011-06-16 14:45:32+00:00
toilet,complete,2011-06-16 14:51:42+00:00
outdoors,start,2011-06-16 14:56:41+00:00
outdoors,complete,2011-06-16 16:13:22+00:00
work,start,2011-06-16 16:13:29+00:00
work,complete,2011-06-16 16:18:02+00:00
snack,start,2011-06-16 16:28:51+00:00
snack,complete,2011-06-16 16:32:01+00:00
relax,start,2011-06-16 16:32:05+00:00
relax,complete,2011-06-16 17:10:45+00:00
outdoors,start,2011-06-16 17:11:37+00:00
outdoors,complete,2011-06-16 17:18:18+00:00
snack,start,2011-06-16 17:20:08+00:00
snack,complete,2011-06-16 17:28:27+00:00
relax,start,2011-06-16 17:28:33+00:00
relax,complete,2011-06-16 18:21:42+00:00
mealpreperation,start,2011-06-16 18:21:55+00:00
mealpreperation,complete,2011-06-16 18:33:47+00:00
eatingdrinking,start,2011-06-16 18:33:52+00:00
eatingdrinking,complete,2011-06-16 18:54:21+00:00
cleaning,start,2011-06-16 18:54:37+00:00
cleaning,complete,2011-06-16 18:57:15+00:00
watchtv,start,2011-06-16 19:10:24+00:00
watchtv,complete,2011-06-16 20:11:10+00:00
snack,start,2011-06-16 20:11:24+00:00
snack,complete,2011-06-16 20:25:27+00:00
toilet,start,2011-06-16 20:25:50+00:00
toilet,complete,2011-06-16 20:28:11+00:00
snack,start,2011-06-16 20:40:53+00:00
snack,complete,2011-06-16 20:48:06+00:00
toilet,start,2011-06-16 20:49:29+00:00
toilet,complete,2011-06-16 20:50:19+00:00
relax,start,2011-06-16 20:51:43+00:00
relax,complete,2011-06-16 21:03:27+00:00
personalhygiene,start,2011-06-16 21:05:56+00:00
personalhygiene,complete,2011-06-16 21:50:56+00:00
sleep,start,2011-06-16 21:52:07+00:00
sleep,complete,2011-06-17 04:35:20+00:00
End,start,2011-06-17 04:35:20+00:00
End,complete,2011-06-17 04:35:20+00:00
Start,start,2011-06-17 04:35:43+00:00
Start,complete,2011-06-17 04:35:43+00:00
toilet,start,2011-06-17 04:35:43+00:00
toilet,complete,2011-06-17 04:38:44+00:00
sleep,start,2011-06-17 04:38:54+00:00
sleep,complete,2011-06-17 08:22:45+00:00
medication,start,2011-06-17 08:23:06+00:00
medication,complete,2011-06-17 08:28:10+00:00
sleep,start,2011-06-17 08:29:53+00:00
sleep,complete,2011-06-17 09:52:42+00:00
toilet,start,2011-06-17 09:53:22+00:00
toilet,complete,2011-06-17 09:58:27+00:00
mealpreperation,start,2011-06-17 10:03:42+00:00
mealpreperation,complete,2011-06-17 10:07:58+00:00
relax,start,2011-06-17 10:08:01+00:00
relax,complete,2011-06-17 12:32:09+00:00
toilet,start,2011-06-17 12:32:16+00:00
toilet,complete,2011-06-17 12:35:00+00:00
mealpreperation,start,2011-06-17 12:35:15+00:00
mealpreperation,complete,2011-06-17 12:37:06+00:00
relax,start,2011-06-17 12:37:09+00:00
relax,complete,2011-06-17 14:04:19+00:00
toilet,start,2011-06-17 14:04:25+00:00
toilet,complete,2011-06-17 14:06:35+00:00
snack,start,2011-06-17 14:07:27+00:00
snack,complete,2011-06-17 14:14:02+00:00
eatingdrinking,start,2011-06-17 14:14:05+00:00
eatingdrinking,complete,2011-06-17 14:30:31+00:00
cleaning,start,2011-06-17 14:30:33+00:00
cleaning,complete,2011-06-17 14:37:41+00:00
work,start,2011-06-17 14:39:31+00:00
work,complete,2011-06-17 14:56:17+00:00
relax,start,2011-06-17 14:58:19+00:00
relax,complete,2011-06-17 15:50:55+00:00
snack,start,2011-06-17 15:50:59+00:00
snack,complete,2011-06-17 15:56:17+00:00
relax,start,2011-06-17 15:56:32+00:00
relax,complete,2011-06-17 17:14:33+00:00
personalhygiene,start,2011-06-17 17:15:28+00:00
personalhygiene,complete,2011-06-17 17:25:26+00:00
relax,start,2011-06-17 17:25:40+00:00
relax,complete,2011-06-17 17:58:26+00:00
toilet,start,2011-06-17 17:58:36+00:00
toilet,complete,2011-06-17 18:01:03+00:00
snack,start,2011-06-17 18:05:33+00:00
snack,complete,2011-06-17 18:07:15+00:00
relax,start,2011-06-17 18:07:19+00:00
relax,complete,2011-06-17 18:29:32+00:00
mealpreperation,start,2011-06-17 18:29:48+00:00
mealpreperation,complete,2011-06-17 18:45:16+00:00
eatingdrinking,start,2011-06-17 18:45:29+00:00
eatingdrinking,complete,2011-06-17 18:58:58+00:00
cleaning,start,2011-06-17 19:02:02+00:00
cleaning,complete,2011-06-17 19:05:02+00:00
watchtv,start,2011-06-17 19:05:16+00:00
watchtv,complete,2011-06-17 19:36:52+00:00
snack,start,2011-06-17 19:36:56+00:00
snack,complete,2011-06-17 19:44:24+00:00
watchtv,start,2011-06-17 19:44:47+00:00
watchtv,complete,2011-06-17 19:57:42+00:00
personalhygiene,start,2011-06-17 20:34:22+00:00
personalhygiene,complete,2011-06-17 21:17:48+00:00
read,start,2011-06-17 21:18:28+00:00
read,complete,2011-06-17 22:36:11+00:00
sleep,start,2011-06-17 22:48:52+00:00
sleep,complete,2011-06-18 07:33:24+00:00
End,start,2011-06-18 07:33:24+00:00
End,complete,2011-06-18 07:33:24+00:00
Start,start,2011-06-20 00:01:00+00:00
Start,complete,2011-06-20 00:01:00+00:00
sleep,start,2011-06-20 00:01:00+00:00
sleep,complete,2011-06-20 04:42:33+00:00
toilet,start,2011-06-20 04:43:00+00:00
toilet,complete,2011-06-20 04:47:06+00:00
sleep,start,2011-06-20 04:47:14+00:00
sleep,complete,2011-06-20 08:47:13+00:00
personalhygiene,start,2011-06-20 08:48:19+00:00
personalhygiene,complete,2011-06-20 08:52:13+00:00
sleep,start,2011-06-20 08:54:16+00:00
sleep,complete,2011-06-20 10:14:38+00:00
relax,start,2011-06-20 10:25:19+00:00
relax,complete,2011-06-20 10:50:04+00:00
mealpreperation,start,2011-06-20 10:50:17+00:00
mealpreperation,complete,2011-06-20 11:09:15+00:00
eatingdrinking,start,2011-06-20 11:09:33+00:00
eatingdrinking,complete,2011-06-20 11:17:46+00:00
relax,start,2011-06-20 11:18:26+00:00
relax,complete,2011-06-20 11:49:29+00:00
personalhygiene,start,2011-06-20 11:55:37+00:00
personalhygiene,complete,2011-06-20 12:40:08+00:00
outdoors,start,2011-06-20 12:43:28+00:00
outdoors,complete,2011-06-20 14:22:21+00:00
relax,start,2011-06-20 14:28:23+00:00
relax,complete,2011-06-20 14:46:17+00:00
outdoors,start,2011-06-20 14:47:16+00:00
outdoors,complete,2011-06-20 15:05:03+00:00
sleep,start,2011-06-20 15:08:21+00:00
sleep,complete,2011-06-20 17:46:31+00:00
toilet,start,2011-06-20 17:49:00+00:00
toilet,complete,2011-06-20 17:51:36+00:00
work,start,2011-06-20 18:05:52+00:00
work,complete,2011-06-20 18:13:00+00:00
relax,start,2011-06-20 18:15:08+00:00
relax,complete,2011-06-20 18:36:36+00:00
mealpreperation,start,2011-06-20 18:38:14+00:00
mealpreperation,complete,2011-06-20 18:53:32+00:00
eatingdrinking,start,2011-06-20 18:53:44+00:00
eatingdrinking,complete,2011-06-20 19:07:09+00:00
relax,start,2011-06-20 19:08:20+00:00
relax,complete,2011-06-20 19:58:42+00:00
cleaning,start,2011-06-20 19:59:11+00:00
cleaning,complete,2011-06-20 20:06:14+00:00
relax,start,2011-06-20 20:14:47+00:00
relax,complete,2011-06-20 20:42:13+00:00
personalhygiene,start,2011-06-20 20:43:22+00:00
personalhygiene,complete,2011-06-20 20:57:22+00:00
groom,start,2011-06-20 21:07:39+00:00
groom,complete,2011-06-20 21:17:28+00:00
personalhygiene,start,2011-06-20 21:21:50+00:00
personalhygiene,complete,2011-06-20 21:47:38+00:00
sleep,start,2011-06-20 21:48:26+00:00
sleep,complete,2011-06-21 03:47:30+00:00
End,start,2011-06-21 03:47:30+00:00
End,complete,2011-06-21 03:47:30+00:00
Start,start,2011-06-21 03:47:55+00:00
Start,complete,2011-06-21 03:47:55+00:00
toilet,start,2011-06-21 03:47:55+00:00
toilet,complete,2011-06-21 03:50:11+00:00
sleep,start,2011-06-21 03:50:21+00:00
sleep,complete,2011-06-21 09:00:48+00:00
toilet,start,2011-06-21 09:01:53+00:00
toilet,complete,2011-06-21 09:04:53+00:00
sleep,start,2011-06-21 09:06:38+00:00
sleep,complete,2011-06-21 09:48:30+00:00
relax,start,2011-06-21 09:49:39+00:00
relax,complete,2011-06-21 10:03:53+00:00
mealpreperation,start,2011-06-21 10:05:07+00:00
mealpreperation,complete,2011-06-21 10:23:25+00:00
work,start,2011-06-21 10:26:31+00:00
work,complete,2011-06-21 10:43:45+00:00
personalhygiene,start,2011-06-21 10:48:13+00:00
personalhygiene,complete,2011-06-21 11:26:16+00:00
toilet,start,2011-06-21 11:31:13+00:00
toilet,complete,2011-06-21 11:36:29+00:00
outdoors,start,2011-06-21 11:37:25+00:00
outdoors,complete,2011-06-21 14:36:37+00:00
toilet,start,2011-06-21 14:37:39+00:00
toilet,complete,2011-06-21 14:42:13+00:00
relax,start,2011-06-21 14:48:20+00:00
relax,complete,2011-06-21 17:49:07+00:00
toilet,start,2011-06-21 17:59:34+00:00
toilet,complete,2011-06-21 18:02:59+00:00
snack,start,2011-06-21 18:07:59+00:00
snack,complete,2011-06-21 18:22:33+00:00
relax,start,2011-06-21 18:23:00+00:00
relax,complete,2011-06-21 18:52:24+00:00
mealpreperation,start,2011-06-21 18:52:27+00:00
mealpreperation,complete,2011-06-21 19:09:39+00:00
relax,start,2011-06-21 19:09:48+00:00
relax,complete,2011-06-21 20:06:57+00:00
cleaning,start,2011-06-21 20:07:01+00:00
cleaning,complete,2011-06-21 20:10:50+00:00
personalhygiene,start,2011-06-21 20:12:28+00:00
personalhygiene,complete,2011-06-21 20:32:55+00:00
read,start,2011-06-21 20:33:03+00:00
read,complete,2011-06-21 20:54:16+00:00
personalhygiene,start,2011-06-21 20:59:34+00:00
personalhygiene,complete,2011-06-21 21:18:10+00:00
sleep,start,2011-06-21 21:18:30+00:00
sleep,complete,2011-06-22 03:04:37+00:00
End,start,2011-06-22 03:04:37+00:00
End,complete,2011-06-22 03:04:37+00:00
Start,start,2011-06-22 03:05:00+00:00
Start,complete,2011-06-22 03:05:00+00:00
toilet,start,2011-06-22 03:05:00+00:00
toilet,complete,2011-06-22 03:08:00+00:00
sleep,start,2011-06-22 03:08:10+00:00
sleep,complete,2011-06-22 06:54:32+00:00
toilet,start,2011-06-22 06:54:48+00:00
toilet,complete,2011-06-22 07:00:18+00:00
sleep,start,2011-06-22 07:01:43+00:00
sleep,complete,2011-06-22 10:38:23+00:00
toilet,start,2011-06-22 10:39:21+00:00
toilet,complete,2011-06-22 10:43:01+00:00
dress,start,2011-06-22 10:43:04+00:00
dress,complete,2011-06-22 10:46:11+00:00
personalhygiene,start,2011-06-22 10:46:13+00:00
personalhygiene,complete,2011-06-22 10:49:01+00:00
mealpreperation,start,2011-06-22 10:49:51+00:00
mealpreperation,complete,2011-06-22 11:02:44+00:00
eatingdrinking,start,2011-06-22 11:02:45+00:00
eatingdrinking,complete,2011-06-22 11:19:01+00:00
relax,start,2011-06-22 11:20:32+00:00
relax,complete,2011-06-22 13:58:43+00:00
toilet,start,2011-06-22 13:59:28+00:00
toilet,complete,2011-06-22 14:03:17+00:00
work,start,2011-06-22 14:03:18+00:00
work,complete,2011-06-22 14:47:03+00:00
snack,start,2011-06-22 14:49:22+00:00
snack,complete,2011-06-22 14:52:29+00:00
relax,start,2011-06-22 14:52:34+00:00
relax,complete,2011-06-22 15:31:19+00:00
sleep,start,2011-06-22 15:32:53+00:00
sleep,complete,2011-06-22 16:51:12+00:00
toilet,start,2011-06-22 16:52:23+00:00
toilet,complete,2011-06-22 16:54:06+00:00
personalhygiene,start,2011-06-22 17:04:48+00:00
personalhygiene,complete,2011-06-22 17:42:15+00:00
outdoors,start,2011-06-22 17:53:29+00:00
outdoors,complete,2011-06-22 18:13:00+00:00
snack,start,2011-06-22 18:13:32+00:00
snack,complete,2011-06-22 18:18:10+00:00
relax,start,2011-06-22 18:18:21+00:00
relax,complete,2011-06-22 18:53:11+00:00
mealpreperation,start,2011-06-22 18:53:22+00:00
mealpreperation,complete,2011-06-22 19:08:46+00:00
eatingdrinking,start,2011-06-22 19:10:49+00:00
eatingdrinking,complete,2011-06-22 19:31:17+00:00
cleaning,start,2011-06-22 19:31:35+00:00
cleaning,complete,2011-06-22 19:38:28+00:00
relax,start,2011-06-22 19:38:40+00:00
relax,complete,2011-06-22 20:31:13+00:00
snack,start,2011-06-22 20:31:20+00:00
snack,complete,2011-06-22 20:36:06+00:00
work,start,2011-06-22 21:09:53+00:00
work,complete,2011-06-22 21:18:16+00:00
relax,start,2011-06-22 21:19:35+00:00
relax,complete,2011-06-22 21:58:51+00:00
personalhygiene,start,2011-06-22 22:07:36+00:00
personalhygiene,complete,2011-06-22 22:31:54+00:00
sleep,start,2011-06-22 22:34:56+00:00
sleep,complete,2011-06-23 08:00:40+00:00
End,start,2011-06-23 08:00:40+00:00
End,complete,2011-06-23 08:00:40+00:00
Start,start,2011-06-23 08:01:23+00:00
Start,complete,2011-06-23 08:01:23+00:00
toilet,start,2011-06-23 08:01:23+00:00
toilet,complete,2011-06-23 08:03:57+00:00
relax,start,2011-06-23 08:05:44+00:00
relax,complete,2011-06-23 08:34:13+00:00
mealpreperation,start,2011-06-23 08:36:24+00:00
mealpreperation,complete,2011-06-23 08:47:56+00:00
groom,start,2011-06-23 08:49:28+00:00
groom,complete,2011-06-23 08:58:40+00:00
bathe,start,2011-06-23 08:58:42+00:00
bathe,complete,2011-06-23 09:14:10+00:00
dress,start,2011-06-23 09:14:11+00:00
dress,complete,2011-06-23 09:19:54+00:00
personalhygiene,start,2011-06-23 09:20:32+00:00
personalhygiene,complete,2011-06-23 09:31:35+00:00
outdoors,start,2011-06-23 09:34:33+00:00
outdoors,complete,2011-06-23 12:54:19+00:00
snack,start,2011-06-23 12:58:31+00:00
snack,complete,2011-06-23 13:23:56+00:00
eatingdrinking,start,2011-06-23 13:24:00+00:00
eatingdrinking,complete,2011-06-23 13:47:50+00:00
personalhygiene,start,2011-06-23 13:55:27+00:00
personalhygiene,complete,2011-06-23 14:06:19+00:00
outdoors,start,2011-06-23 14:08:41+00:00
outdoors,complete,2011-06-23 15:16:06+00:00
relax,start,2011-06-23 15:17:00+00:00
relax,complete,2011-06-23 16:59:59+00:00
snack,start,2011-06-23 17:00:08+00:00
snack,complete,2011-06-23 17:08:15+00:00
relax,start,2011-06-23 17:08:19+00:00
relax,complete,2011-06-23 17:22:26+00:00
mealpreperation,start,2011-06-23 17:29:07+00:00
mealpreperation,complete,2011-06-23 17:44:14+00:00
eatingdrinking,start,2011-06-23 17:44:21+00:00
eatingdrinking,complete,2011-06-23 17:59:23+00:00
personalhygiene,start,2011-06-23 18:05:44+00:00
personalhygiene,complete,2011-06-23 18:14:21+00:00
relax,start,2011-06-23 18:16:32+00:00
relax,complete,2011-06-23 20:25:59+00:00
personalhygiene,start,2011-06-23 20:43:20+00:00
personalhygiene,complete,2011-06-23 21:26:58+00:00
sleep,start,2011-06-23 21:28:52+00:00
sleep,complete,2011-06-24 03:03:53+00:00
End,start,2011-06-24 03:03:53+00:00
End,complete,2011-06-24 03:03:53+00:00
Start,start,2011-06-24 03:04:10+00:00
Start,complete,2011-06-24 03:04:10+00:00
toilet,start,2011-06-24 03:04:10+00:00
toilet,complete,2011-06-24 03:06:18+00:00
sleep,start,2011-06-24 03:06:26+00:00
sleep,complete,2011-06-24 06:42:55+00:00
toilet,start,2011-06-24 06:43:05+00:00
toilet,complete,2011-06-24 06:47:03+00:00
sleep,start,2011-06-24 06:47:12+00:00
sleep,complete,2011-06-24 08:32:36+00:00
toilet,start,2011-06-24 08:33:37+00:00
toilet,complete,2011-06-24 08:36:21+00:00
relax,start,2011-06-24 08:37:50+00:00
relax,complete,2011-06-24 09:10:27+00:00
snack,start,2011-06-24 09:16:13+00:00
snack,complete,2011-06-24 09:22:06+00:00
toilet,start,2011-06-24 09:30:10+00:00
toilet,complete,2011-06-24 09:35:29+00:00
bathe,start,2011-06-24 09:40:36+00:00
bathe,complete,2011-06-24 09:57:28+00:00
dress,start,2011-06-24 09:57:30+00:00
dress,complete,2011-06-24 10:04:04+00:00
personalhygiene,start,2011-06-24 10:04:25+00:00
personalhygiene,complete,2011-06-24 10:17:19+00:00
toilet,start,2011-06-24 10:28:03+00:00
toilet,complete,2011-06-24 10:31:32+00:00
outdoors,start,2011-06-24 10:34:22+00:00
outdoors,complete,2011-06-24 13:16:35+00:00
personalhygiene,start,2011-06-24 13:24:48+00:00
personalhygiene,complete,2011-06-24 13:35:25+00:00
outdoors,start,2011-06-24 14:02:13+00:00
outdoors,complete,2011-06-24 14:09:51+00:00
sleep,start,2011-06-24 14:10:26+00:00
sleep,complete,2011-06-24 16:51:51+00:00
toilet,start,2011-06-24 16:55:13+00:00
toilet,complete,2011-06-24 16:58:50+00:00
relax,start,2011-06-24 17:04:54+00:00
relax,complete,2011-06-24 18:13:12+00:00
mealpreperation,start,2011-06-24 18:18:34+00:00
mealpreperation,complete,2011-06-24 18:40:19+00:00
eatingdrinking,start,2011-06-24 18:40:21+00:00
eatingdrinking,complete,2011-06-24 19:01:17+00:00
cleaning,start,2011-06-24 19:01:25+00:00
cleaning,complete,2011-06-24 19:04:13+00:00
relax,start,2011-06-24 19:04:16+00:00
relax,complete,2011-06-24 19:57:43+00:00
personalhygiene,start,2011-06-24 20:08:58+00:00
personalhygiene,complete,2011-06-24 20:15:34+00:00
relax,start,2011-06-24 20:28:27+00:00
relax,complete,2011-06-24 20:48:08+00:00
personalhygiene,start,2011-06-24 20:52:51+00:00
personalhygiene,complete,2011-06-24 21:24:26+00:00
sleep,start,2011-06-24 21:25:35+00:00
sleep,complete,2011-06-25 02:41:44+00:00
End,start,2011-06-25 02:41:44+00:00
End,complete,2011-06-25 02:41:44+00:00
Start,start,2011-06-27 04:21:07+00:00
Start,complete,2011-06-27 04:21:07+00:00
toilet,start,2011-06-27 04:21:07+00:00
toilet,complete,2011-06-27 04:23:50+00:00
sleep,start,2011-06-27 04:24:00+00:00
sleep,complete,2011-06-27 08:06:00+00:00
medication,start,2011-06-27 08:06:13+00:00
medication,complete,2011-06-27 08:09:22+00:00
sleep,start,2011-06-27 08:11:26+00:00
sleep,complete,2011-06-27 09:23:39+00:00
toilet,start,2011-06-27 09:25:26+00:00
toilet,complete,2011-06-27 09:27:30+00:00
personalhygiene,start,2011-06-27 09:28:13+00:00
personalhygiene,complete,2011-06-27 09:33:06+00:00
relax,start,2011-06-27 09:34:51+00:00
relax,complete,2011-06-27 09:43:32+00:00
mealpreperation,start,2011-06-27 09:43:39+00:00
mealpreperation,complete,2011-06-27 09:51:36+00:00
eatingdrinking,start,2011-06-27 09:51:38+00:00
eatingdrinking,complete,2011-06-27 10:15:31+00:00
cleaning,start,2011-06-27 10:15:41+00:00
cleaning,complete,2011-06-27 10:24:43+00:00
relax,start,2011-06-27 10:24:55+00:00
relax,complete,2011-06-27 11:15:08+00:00
personalhygiene,start,2011-06-27 11:15:38+00:00
personalhygiene,complete,2011-06-27 11:24:06+00:00
groom,start,2011-06-27 11:24:11+00:00
groom,complete,2011-06-27 11:32:58+00:00
personalhygiene,start,2011-06-27 11:33:05+00:00
personalhygiene,complete,2011-06-27 12:02:33+00:00
relax,start,2011-06-27 12:02:35+00:00
relax,complete,2011-06-27 12:10:00+00:00
personalhygiene,start,2011-06-27 12:17:43+00:00
personalhygiene,complete,2011-06-27 12:34:45+00:00
relax,start,2011-06-27 12:42:53+00:00
relax,complete,2011-06-27 13:17:09+00:00
snack,start,2011-06-27 13:35:50+00:00
snack,complete,2011-06-27 13:41:17+00:00
personalhygiene,start,2011-06-27 13:50:29+00:00
personalhygiene,complete,2011-06-27 14:00:46+00:00
relax,start,2011-06-27 14:44:56+00:00
relax,complete,2011-06-27 14:54:44+00:00
personalhygiene,start,2011-06-27 15:26:11+00:00
personalhygiene,complete,2011-06-27 15:34:53+00:00
toilet,start,2011-06-27 15:37:29+00:00
toilet,complete,2011-06-27 15:38:52+00:00
relax,start,2011-06-27 15:41:24+00:00
relax,complete,2011-06-27 17:58:22+00:00
personalhygiene,start,2011-06-27 17:58:52+00:00
personalhygiene,complete,2011-06-27 18:13:39+00:00
outdoors,start,2011-06-27 18:18:36+00:00
outdoors,complete,2011-06-27 18:23:17+00:00
relax,start,2011-06-27 18:23:43+00:00
relax,complete,2011-06-27 18:38:35+00:00
mealpreperation,start,2011-06-27 18:48:17+00:00
mealpreperation,complete,2011-06-27 19:18:18+00:00
eatingdrinking,start,2011-06-27 19:18:21+00:00
eatingdrinking,complete,2011-06-27 19:31:03+00:00
relax,start,2011-06-27 19:32:41+00:00
relax,complete,2011-06-27 20:16:21+00:00
snack,start,2011-06-27 20:17:20+00:00
snack,complete,2011-06-27 20:31:43+00:00
read,start,2011-06-27 20:33:12+00:00
read,complete,2011-06-27 21:39:40+00:00
personalhygiene,start,2011-06-27 21:39:44+00:00
personalhygiene,complete,2011-06-27 22:12:40+00:00
sleep,start,2011-06-27 22:13:25+00:00
sleep,complete,2011-06-28 02:40:54+00:00
End,start,2011-06-28 02:40:54+00:00
End,complete,2011-06-28 02:40:54+00:00
Start,start,2011-06-28 02:41:11+00:00
Start,complete,2011-06-28 02:41:11+00:00
toilet,start,2011-06-28 02:41:11+00:00
toilet,complete,2011-06-28 02:44:58+00:00
sleep,start,2011-06-28 02:45:06+00:00
sleep,complete,2011-06-28 05:48:28+00:00
toilet,start,2011-06-28 05:49:11+00:00
toilet,complete,2011-06-28 05:52:18+00:00
sleep,start,2011-06-28 05:52:29+00:00
sleep,complete,2011-06-28 08:23:03+00:00
toilet,start,2011-06-28 08:23:55+00:00
toilet,complete,2011-06-28 08:27:19+00:00
sleep,start,2011-06-28 08:28:48+00:00
sleep,complete,2011-06-28 09:49:56+00:00
relax,start,2011-06-28 09:51:44+00:00
relax,complete,2011-06-28 10:22:00+00:00
mealpreperation,start,2011-06-28 10:23:14+00:00
mealpreperation,complete,2011-06-28 10:35:08+00:00
personalhygiene,start,2011-06-28 10:46:59+00:00
personalhygiene,complete,2011-06-28 11:05:00+00:00
dress,start,2011-06-28 11:05:02+00:00
dress,complete,2011-06-28 11:10:04+00:00
groom,start,2011-06-28 11:10:06+00:00
groom,complete,2011-06-28 11:19:27+00:00
outdoors,start,2011-06-28 11:21:42+00:00
outdoors,complete,2011-06-28 12:05:33+00:00
toilet,start,2011-06-28 12:05:48+00:00
toilet,complete,2011-06-28 12:07:50+00:00
outdoors,start,2011-06-28 12:09:27+00:00
outdoors,complete,2011-06-28 12:17:49+00:00
relax,start,2011-06-28 12:23:49+00:00
relax,complete,2011-06-28 13:22:12+00:00
outdoors,start,2011-06-28 13:22:17+00:00
outdoors,complete,2011-06-28 13:25:37+00:00
toilet,start,2011-06-28 13:26:09+00:00
toilet,complete,2011-06-28 13:29:39+00:00
relax,start,2011-06-28 13:34:10+00:00
relax,complete,2011-06-28 13:44:06+00:00
mealpreperation,start,2011-06-28 13:44:29+00:00
mealpreperation,complete,2011-06-28 14:00:01+00:00
eatingdrinking,start,2011-06-28 14:00:29+00:00
eatingdrinking,complete,2011-06-28 14:06:11+00:00
outdoors,start,2011-06-28 14:06:13+00:00
outdoors,complete,2011-06-28 14:08:13+00:00
sleep,start,2011-06-28 14:16:51+00:00
sleep,complete,2011-06-28 15:07:59+00:00
relax,start,2011-06-28 15:13:21+00:00
relax,complete,2011-06-28 17:34:52+00:00
personalhygiene,start,2011-06-28 17:36:15+00:00
personalhygiene,complete,2011-06-28 17:45:32+00:00
relax,start,2011-06-28 18:07:39+00:00
relax,complete,2011-06-28 19:04:37+00:00
snack,start,2011-06-28 19:05:34+00:00
snack,complete,2011-06-28 19:13:56+00:00
mealpreperation,start,2011-06-28 19:15:41+00:00
mealpreperation,complete,2011-06-28 19:24:15+00:00
eatingdrinking,start,2011-06-28 19:24:20+00:00
eatingdrinking,complete,2011-06-28 19:44:04+00:00
cleaning,start,2011-06-28 19:44:06+00:00
cleaning,complete,2011-06-28 19:50:38+00:00
relax,start,2011-06-28 19:50:51+00:00
relax,complete,2011-06-28 20:18:45+00:00
snack,start,2011-06-28 20:18:48+00:00
snack,complete,2011-06-28 20:27:36+00:00
relax,start,2011-06-28 20:34:25+00:00
relax,complete,2011-06-28 21:30:17+00:00
read,start,2011-06-28 21:33:58+00:00
read,complete,2011-06-28 21:45:37+00:00
personalhygiene,start,2011-06-28 21:45:42+00:00
personalhygiene,complete,2011-06-28 22:18:11+00:00
sleep,start,2011-06-28 22:18:27+00:00
sleep,complete,2011-06-29 02:58:53+00:00
End,start,2011-06-29 02:58:53+00:00
End,complete,2011-06-29 02:58:53+00:00
Start,start,2011-06-29 02:59:12+00:00
Start,complete,2011-06-29 02:59:12+00:00
toilet,start,2011-06-29 02:59:12+00:00
toilet,complete,2011-06-29 03:02:18+00:00
sleep,start,2011-06-29 03:02:28+00:00
sleep,complete,2011-06-29 05:58:42+00:00
toilet,start,2011-06-29 05:58:57+00:00
toilet,complete,2011-06-29 06:02:49+00:00
sleep,start,2011-06-29 06:02:58+00:00
sleep,complete,2011-06-29 07:37:05+00:00
toilet,start,2011-06-29 07:38:19+00:00
toilet,complete,2011-06-29 07:42:54+00:00
sleep,start,2011-06-29 07:44:32+00:00
sleep,complete,2011-06-29 09:24:42+00:00
relax,start,2011-06-29 09:25:38+00:00
relax,complete,2011-06-29 09:49:14+00:00
mealpreperation,start,2011-06-29 09:49:35+00:00
mealpreperation,complete,2011-06-29 09:59:16+00:00
relax,start,2011-06-29 09:59:24+00:00
relax,complete,2011-06-29 11:29:32+00:00
toilet,start,2011-06-29 11:30:32+00:00
toilet,complete,2011-06-29 11:33:13+00:00
work,start,2011-06-29 11:33:17+00:00
work,complete,2011-06-29 12:10:08+00:00
personalhygiene,start,2011-06-29 12:10:13+00:00
personalhygiene,complete,2011-06-29 12:43:16+00:00
groom,start,2011-06-29 12:43:18+00:00
groom,complete,2011-06-29 12:50:45+00:00
personalhygiene,start,2011-06-29 12:51:52+00:00
personalhygiene,complete,2011-06-29 13:15:17+00:00
snack,start,2011-06-29 13:23:36+00:00
snack,complete,2011-06-29 13:37:00+00:00
eatingdrinking,start,2011-06-29 13:37:01+00:00
eatingdrinking,complete,2011-06-29 13:55:52+00:00
cleaning,start,2011-06-29 13:55:53+00:00
cleaning,complete,2011-06-29 14:00:08+00:00
relax,start,2011-06-29 14:00:28+00:00
relax,complete,2011-06-29 15:06:36+00:00
snack,start,2011-06-29 15:06:50+00:00
snack,complete,2011-06-29 15:15:14+00:00
relax,start,2011-06-29 15:15:19+00:00
relax,complete,2011-06-29 15:25:38+00:00
toilet,start,2011-06-29 15:27:12+00:00
toilet,complete,2011-06-29 15:36:47+00:00
relax,start,2011-06-29 15:44:27+00:00
relax,complete,2011-06-29 17:16:40+00:00
snack,start,2011-06-29 17:17:29+00:00
snack,complete,2011-06-29 17:23:34+00:00
relax,start,2011-06-29 17:23:40+00:00
relax,complete,2011-06-29 17:40:30+00:00
snack,start,2011-06-29 17:41:05+00:00
snack,complete,2011-06-29 17:59:01+00:00
eatingdrinking,start,2011-06-29 17:59:14+00:00
eatingdrinking,complete,2011-06-29 18:16:36+00:00
cleaning,start,2011-06-29 18:16:38+00:00
cleaning,complete,2011-06-29 18:17:51+00:00
relax,start,2011-06-29 18:17:54+00:00
relax,complete,2011-06-29 18:32:40+00:00
personalhygiene,start,2011-06-29 18:36:57+00:00
personalhygiene,complete,2011-06-29 18:57:41+00:00
relax,start,2011-06-29 18:58:04+00:00
relax,complete,2011-06-29 19:13:31+00:00
outdoors,start,2011-06-29 19:13:43+00:00
outdoors,complete,2011-06-29 20:37:24+00:00
toilet,start,2011-06-29 20:51:18+00:00
toilet,complete,2011-06-29 20:53:05+00:00
personalhygiene,start,2011-06-29 20:55:39+00:00
personalhygiene,complete,2011-06-29 21:17:20+00:00
sleep,start,2011-06-29 21:17:52+00:00
sleep,complete,2011-06-30 02:38:18+00:00
End,start,2011-06-30 02:38:18+00:00
End,complete,2011-06-30 02:38:18+00:00
Start,start,2011-06-30 02:38:34+00:00
Start,complete,2011-06-30 02:38:34+00:00
toilet,start,2011-06-30 02:38:34+00:00
toilet,complete,2011-06-30 02:40:52+00:00
sleep,start,2011-06-30 02:41:04+00:00
sleep,complete,2011-06-30 07:41:16+00:00
toilet,start,2011-06-30 07:41:53+00:00
toilet,complete,2011-06-30 07:46:00+00:00
sleep,start,2011-06-30 07:47:29+00:00
sleep,complete,2011-06-30 08:14:25+00:00
relax,start,2011-06-30 08:15:18+00:00
relax,complete,2011-06-30 08:27:40+00:00
mealpreperation,start,2011-06-30 08:27:40+00:00
mealpreperation,complete,2011-06-30 08:33:48+00:00
eatingdrinking,start,2011-06-30 08:33:57+00:00
eatingdrinking,complete,2011-06-30 08:41:44+00:00
cleaning,start,2011-06-30 08:42:14+00:00
cleaning,complete,2011-06-30 08:43:10+00:00
personalhygiene,start,2011-06-30 08:43:54+00:00
personalhygiene,complete,2011-06-30 08:48:57+00:00
bathe,start,2011-06-30 08:49:00+00:00
bathe,complete,2011-06-30 08:56:04+00:00
personalhygiene,start,2011-06-30 08:57:02+00:00
personalhygiene,complete,2011-06-30 09:10:07+00:00
groom,start,2011-06-30 09:10:09+00:00
groom,complete,2011-06-30 09:16:26+00:00
personalhygiene,start,2011-06-30 09:17:15+00:00
personalhygiene,complete,2011-06-30 14:50:47+00:00
snack,start,2011-06-30 14:51:08+00:00
snack,complete,2011-06-30 15:03:45+00:00
toilet,start,2011-06-30 15:14:30+00:00
toilet,complete,2011-06-30 15:16:31+00:00
relax,start,2011-06-30 15:17:24+00:00
relax,complete,2011-06-30 16:45:15+00:00
toilet,start,2011-06-30 16:45:17+00:00
toilet,complete,2011-06-30 16:50:02+00:00
outdoors,start,2011-06-30 16:54:52+00:00
outdoors,complete,2011-06-30 17:13:38+00:00
snack,start,2011-06-30 17:14:05+00:00
snack,complete,2011-06-30 17:21:21+00:00
relax,start,2011-06-30 17:21:24+00:00
relax,complete,2011-06-30 17:56:51+00:00
mealpreperation,start,2011-06-30 17:59:47+00:00
mealpreperation,complete,2011-06-30 18:18:44+00:00
eatingdrinking,start,2011-06-30 18:18:47+00:00
eatingdrinking,complete,2011-06-30 18:37:17+00:00
cleaning,start,2011-06-30 18:37:17+00:00
cleaning,complete,2011-06-30 18:40:49+00:00
relax,start,2011-06-30 18:40:56+00:00
relax,complete,2011-06-30 20:07:39+00:00
snack,start,2011-06-30 20:07:51+00:00
snack,complete,2011-06-30 20:28:49+00:00
groom,start,2011-06-30 20:29:28+00:00
groom,complete,2011-06-30 20:55:47+00:00
personalhygiene,start,2011-06-30 21:06:10+00:00
personalhygiene,complete,2011-06-30 21:45:24+00:00
sleep,start,2011-06-30 21:46:33+00:00
sleep,complete,2011-06-30 23:34:32+00:00
toilet,start,2011-06-30 23:34:50+00:00
toilet,complete,2011-06-30 23:38:01+00:00
sleep,start,2011-06-30 23:38:11+00:00
sleep,complete,2011-07-01 08:03:28+00:00
End,start,2011-07-01 08:03:28+00:00
End,complete,2011-07-01 08:03:28+00:00
Start,start,2011-07-01 08:03:43+00:00
Start,complete,2011-07-01 08:03:43+00:00
toilet,start,2011-07-01 08:03:43+00:00
toilet,complete,2011-07-01 08:07:56+00:00
sleep,start,2011-07-01 08:11:51+00:00
sleep,complete,2011-07-01 09:55:48+00:00
personalhygiene,start,2011-07-01 09:56:04+00:00
personalhygiene,complete,2011-07-01 10:04:27+00:00
groom,start,2011-07-01 10:07:22+00:00
groom,complete,2011-07-01 10:16:57+00:00
relax,start,2011-07-01 10:17:34+00:00
relax,complete,2011-07-01 10:44:39+00:00
snack,start,2011-07-01 10:45:53+00:00
snack,complete,2011-07-01 11:18:24+00:00
relax,start,2011-07-01 11:28:26+00:00
relax,complete,2011-07-01 13:42:37+00:00
snack,start,2011-07-01 13:43:39+00:00
snack,complete,2011-07-01 13:46:01+00:00
toilet,start,2011-07-01 13:46:19+00:00
toilet,complete,2011-07-01 13:49:48+00:00
work,start,2011-07-01 13:49:56+00:00
work,complete,2011-07-01 13:59:22+00:00
groom,start,2011-07-01 14:01:52+00:00
groom,complete,2011-07-01 14:16:35+00:00
personalhygiene,start,2011-07-01 14:16:39+00:00
personalhygiene,complete,2011-07-01 14:41:56+00:00
groom,start,2011-07-01 14:42:00+00:00
groom,complete,2011-07-01 14:55:38+00:00
personalhygiene,start,2011-07-01 14:55:54+00:00
personalhygiene,complete,2011-07-01 15:24:51+00:00
toilet,start,2011-07-01 15:24:53+00:00
toilet,complete,2011-07-01 15:26:26+00:00
snack,start,2011-07-01 15:26:49+00:00
snack,complete,2011-07-01 15:47:07+00:00
toilet,start,2011-07-01 15:59:11+00:00
toilet,complete,2011-07-01 16:03:08+00:00
outdoors,start,2011-07-01 16:07:31+00:00
outdoors,complete,2011-07-01 18:10:28+00:00
relax,start,2011-07-01 18:16:01+00:00
relax,complete,2011-07-01 19:57:01+00:00
toilet,start,2011-07-01 20:03:06+00:00
toilet,complete,2011-07-01 20:09:03+00:00
personalhygiene,start,2011-07-01 20:17:13+00:00
personalhygiene,complete,2011-07-01 20:17:59+00:00
relax,start,2011-07-01 20:30:26+00:00
relax,complete,2011-07-01 21:59:34+00:00
personalhygiene,start,2011-07-01 22:33:40+00:00
personalhygiene,complete,2011-07-01 22:33:49+00:00
End,start,2011-07-01 22:33:49+00:00
End,complete,2011-07-01 22:33:49+00:00
Start,start,2011-07-04 03:17:41+00:00
Start,complete,2011-07-04 03:17:41+00:00
toilet,start,2011-07-04 03:17:41+00:00
toilet,complete,2011-07-04 03:20:49+00:00
sleep,start,2011-07-04 03:20:57+00:00
sleep,complete,2011-07-04 07:02:11+00:00
toilet,start,2011-07-04 07:02:51+00:00
toilet,complete,2011-07-04 07:07:18+00:00
sleep,start,2011-07-04 07:09:19+00:00
sleep,complete,2011-07-04 10:34:48+00:00
toilet,start,2011-07-04 10:35:02+00:00
toilet,complete,2011-07-04 10:39:04+00:00
personalhygiene,start,2011-07-04 10:40:54+00:00
personalhygiene,complete,2011-07-04 11:01:55+00:00
outdoors,start,2011-07-04 11:05:19+00:00
outdoors,complete,2011-07-04 11:48:39+00:00
medication,start,2011-07-04 11:49:23+00:00
medication,complete,2011-07-04 11:54:29+00:00
bathe,start,2011-07-04 11:56:05+00:00
bathe,complete,2011-07-04 12:11:28+00:00
dress,start,2011-07-04 12:11:32+00:00
dress,complete,2011-07-04 12:15:16+00:00
personalhygiene,start,2011-07-04 12:15:20+00:00
personalhygiene,complete,2011-07-04 12:16:41+00:00
toilet,start,2011-07-04 12:25:51+00:00
toilet,complete,2011-07-04 12:30:39+00:00
relax,start,2011-07-04 12:37:07+00:00
relax,complete,2011-07-04 12:56:39+00:00
mealpreperation,start,2011-07-04 12:59:03+00:00
mealpreperation,complete,2011-07-04 13:11:28+00:00
eatingdrinking,start,2011-07-04 13:11:36+00:00
eatingdrinking,complete,2011-07-04 13:24:19+00:00
cleaning,start,2011-07-04 13:24:25+00:00
cleaning,complete,2011-07-04 13:34:16+00:00
relax,start,2011-07-04 13:34:28+00:00
relax,complete,2011-07-04 14:43:28+00:00
toilet,start,2011-07-04 14:43:35+00:00
toilet,complete,2011-07-04 14:47:09+00:00
relax,start,2011-07-04 14:47:25+00:00
relax,complete,2011-07-04 15:10:17+00:00
snack,start,2011-07-04 15:12:07+00:00
snack,complete,2011-07-04 15:29:25+00:00
relax,start,2011-07-04 15:30:20+00:00
relax,complete,2011-07-04 15:49:39+00:00
personalhygiene,start,2011-07-04 15:50:26+00:00
personalhygiene,complete,2011-07-04 16:33:56+00:00
toilet,start,2011-07-04 16:46:27+00:00
toilet,complete,2011-07-04 16:49:33+00:00
outdoors,start,2011-07-04 16:58:22+00:00
outdoors,complete,2011-07-04 18:11:46+00:00
personalhygiene,start,2011-07-04 18:32:45+00:00
personalhygiene,complete,2011-07-04 18:43:02+00:00
relax,start,2011-07-04 18:43:50+00:00
relax,complete,2011-07-04 18:53:27+00:00
watchtv,start,2011-07-04 19:00:53+00:00
watchtv,complete,2011-07-04 20:56:35+00:00
personalhygiene,start,2011-07-04 21:09:48+00:00
personalhygiene,complete,2011-07-04 21:49:24+00:00
toilet,start,2011-07-04 21:50:38+00:00
toilet,complete,2011-07-04 21:55:08+00:00
sleep,start,2011-07-04 21:58:57+00:00
sleep,complete,2011-07-05 06:57:57+00:00
End,start,2011-07-05 06:57:57+00:00
End,complete,2011-07-05 06:57:57+00:00
Start,start,2011-07-05 06:58:08+00:00
Start,complete,2011-07-05 06:58:08+00:00
toilet,start,2011-07-05 06:58:08+00:00
toilet,complete,2011-07-05 07:02:40+00:00
sleep,start,2011-07-05 07:04:06+00:00
sleep,complete,2011-07-05 10:50:28+00:00
toilet,start,2011-07-05 10:50:40+00:00
toilet,complete,2011-07-05 10:54:21+00:00
dress,start,2011-07-05 10:54:34+00:00
dress,complete,2011-07-05 10:59:09+00:00
relax,start,2011-07-05 11:00:04+00:00
relax,complete,2011-07-05 11:29:50+00:00
mealpreperation,start,2011-07-05 11:29:52+00:00
mealpreperation,complete,2011-07-05 11:55:35+00:00
eatingdrinking,start,2011-07-05 11:55:40+00:00
eatingdrinking,complete,2011-07-05 12:55:46+00:00
relax,start,2011-07-05 13:01:47+00:00
relax,complete,2011-07-05 13:13:05+00:00
toilet,start,2011-07-05 13:13:15+00:00
toilet,complete,2011-07-05 13:19:25+00:00
work,start,2011-07-05 13:20:59+00:00
work,complete,2011-07-05 13:42:00+00:00
snack,start,2011-07-05 13:44:28+00:00
snack,complete,2011-07-05 14:07:16+00:00
work,start,2011-07-05 14:27:09+00:00
work,complete,2011-07-05 14:38:42+00:00
personalhygiene,start,2011-07-05 14:38:54+00:00
personalhygiene,complete,2011-07-05 15:05:11+00:00
work,start,2011-07-05 15:05:15+00:00
work,complete,2011-07-05 15:15:29+00:00
personalhygiene,start,2011-07-05 15:23:13+00:00
personalhygiene,complete,2011-07-05 15:44:59+00:00
dress,start,2011-07-05 15:45:02+00:00
dress,complete,2011-07-05 15:51:35+00:00
personalhygiene,start,2011-07-05 15:51:42+00:00
personalhygiene,complete,2011-07-05 16:03:13+00:00
outdoors,start,2011-07-05 16:11:11+00:00
outdoors,complete,2011-07-05 17:24:26+00:00
snack,start,2011-07-05 17:28:50+00:00
snack,complete,2011-07-05 17:38:36+00:00
relax,start,2011-07-05 17:38:39+00:00
relax,complete,2011-07-05 17:43:14+00:00
outdoors,start,2011-07-05 17:43:17+00:00
outdoors,complete,2011-07-05 17:54:31+00:00
relax,start,2011-07-05 17:57:31+00:00
relax,complete,2011-07-05 18:48:55+00:00
outdoors,start,2011-07-05 18:48:57+00:00
outdoors,complete,2011-07-05 18:51:03+00:00
personalhygiene,start,2011-07-05 18:51:37+00:00
personalhygiene,complete,2011-07-05 18:56:45+00:00
snack,start,2011-07-05 18:57:38+00:00
snack,complete,2011-07-05 19:01:53+00:00
relax,start,2011-07-05 19:01:58+00:00
relax,complete,2011-07-05 19:18:57+00:00
mealpreperation,start,2011-07-05 19:19:03+00:00
mealpreperation,complete,2011-07-05 19:35:51+00:00
eatingdrinking,start,2011-07-05 19:35:55+00:00
eatingdrinking,complete,2011-07-05 19:51:55+00:00
cleaning,start,2011-07-05 19:51:59+00:00
cleaning,complete,2011-07-05 20:00:25+00:00
relax,start,2011-07-05 20:10:47+00:00
relax,complete,2011-07-05 20:37:53+00:00
outdoors,start,2011-07-05 20:38:03+00:00
outdoors,complete,2011-07-05 20:43:55+00:00
relax,start,2011-07-05 20:44:15+00:00
relax,complete,2011-07-05 21:56:08+00:00
personalhygiene,start,2011-07-05 22:00:16+00:00
personalhygiene,complete,2011-07-05 22:06:18+00:00
groom,start,2011-07-05 22:09:27+00:00
groom,complete,2011-07-05 22:16:57+00:00
personalhygiene,start,2011-07-05 22:17:01+00:00
personalhygiene,complete,2011-07-05 22:49:57+00:00
sleep,start,2011-07-05 22:57:13+00:00
sleep,complete,2011-07-06 04:37:08+00:00
End,start,2011-07-06 04:37:08+00:00
End,complete,2011-07-06 04:37:08+00:00
Start,start,2011-07-06 04:37:42+00:00
Start,complete,2011-07-06 04:37:42+00:00
toilet,start,2011-07-06 04:37:42+00:00
toilet,complete,2011-07-06 04:40:17+00:00
sleep,start,2011-07-06 04:40:26+00:00
sleep,complete,2011-07-06 08:12:23+00:00
toilet,start,2011-07-06 08:12:44+00:00
toilet,complete,2011-07-06 08:15:43+00:00
sleep,start,2011-07-06 08:17:36+00:00
sleep,complete,2011-07-06 09:19:26+00:00
personalhygiene,start,2011-07-06 09:20:19+00:00
personalhygiene,complete,2011-07-06 09:25:11+00:00
relax,start,2011-07-06 09:28:05+00:00
relax,complete,2011-07-06 09:45:54+00:00
mealpreperation,start,2011-07-06 09:46:31+00:00
mealpreperation,complete,2011-07-06 10:01:12+00:00
relax,start,2011-07-06 10:13:01+00:00
relax,complete,2011-07-06 10:23:02+00:00
work,start,2011-07-06 10:24:25+00:00
work,complete,2011-07-06 10:33:59+00:00
groom,start,2011-07-06 10:34:14+00:00
groom,complete,2011-07-06 10:40:59+00:00
personalhygiene,start,2011-07-06 10:41:02+00:00
personalhygiene,complete,2011-07-06 10:59:16+00:00
groom,start,2011-07-06 10:59:17+00:00
groom,complete,2011-07-06 11:03:27+00:00
personalhygiene,start,2011-07-06 11:03:31+00:00
personalhygiene,complete,2011-07-06 11:24:47+00:00
outdoors,start,2011-07-06 11:32:23+00:00
outdoors,complete,2011-07-06 11:42:17+00:00
relax,start,2011-07-06 11:48:43+00:00
relax,complete,2011-07-06 12:03:21+00:00
outdoors,start,2011-07-06 12:03:59+00:00
outdoors,complete,2011-07-06 13:17:26+00:00
relax,start,2011-07-06 13:17:36+00:00
relax,complete,2011-07-06 13:41:57+00:00
outdoors,start,2011-07-06 13:42:00+00:00
outdoors,complete,2011-07-06 13:51:00+00:00
relax,start,2011-07-06 13:51:16+00:00
relax,complete,2011-07-06 14:02:51+00:00
personalhygiene,start,2011-07-06 14:05:58+00:00
personalhygiene,complete,2011-07-06 14:17:28+00:00
outdoors,start,2011-07-06 14:22:54+00:00
outdoors,complete,2011-07-06 15:12:08+00:00
sleep,start,2011-07-06 15:17:14+00:00
sleep,complete,2011-07-06 15:49:08+00:00
relax,start,2011-07-06 15:51:49+00:00
relax,complete,2011-07-06 16:03:18+00:00
sleep,start,2011-07-06 16:04:00+00:00
sleep,complete,2011-07-06 17:48:40+00:00
toilet,start,2011-07-06 17:53:09+00:00
toilet,complete,2011-07-06 17:58:17+00:00
snack,start,2011-07-06 18:00:12+00:00
snack,complete,2011-07-06 18:24:42+00:00
eatingdrinking,start,2011-07-06 18:24:47+00:00
eatingdrinking,complete,2011-07-06 18:41:12+00:00
relax,start,2011-07-06 18:45:05+00:00
relax,complete,2011-07-06 19:57:40+00:00
cleaning,start,2011-07-06 19:57:44+00:00
cleaning,complete,2011-07-06 20:04:51+00:00
work,start,2011-07-06 20:05:03+00:00
work,complete,2011-07-06 20:20:16+00:00
groom,start,2011-07-06 20:20:21+00:00
groom,complete,2011-07-06 20:29:32+00:00
relax,start,2011-07-06 20:31:11+00:00
relax,complete,2011-07-06 21:17:21+00:00
groom,start,2011-07-06 21:18:38+00:00
groom,complete,2011-07-06 21:38:00+00:00
personalhygiene,start,2011-07-06 21:39:04+00:00
personalhygiene,complete,2011-07-06 22:17:47+00:00
sleep,start,2011-07-06 22:18:00+00:00
sleep,complete,2011-07-07 03:35:37+00:00
End,start,2011-07-07 03:35:37+00:00
End,complete,2011-07-07 03:35:37+00:00
Start,start,2011-07-07 03:36:03+00:00
Start,complete,2011-07-07 03:36:03+00:00
toilet,start,2011-07-07 03:36:03+00:00
toilet,complete,2011-07-07 03:39:14+00:00
sleep,start,2011-07-07 03:39:23+00:00
sleep,complete,2011-07-07 06:37:38+00:00
toilet,start,2011-07-07 06:38:00+00:00
toilet,complete,2011-07-07 06:41:12+00:00
sleep,start,2011-07-07 06:41:17+00:00
sleep,complete,2011-07-07 08:01:52+00:00
toilet,start,2011-07-07 08:02:49+00:00
toilet,complete,2011-07-07 08:05:30+00:00
relax,start,2011-07-07 08:06:24+00:00
relax,complete,2011-07-07 08:36:57+00:00
mealpreperation,start,2011-07-07 08:37:44+00:00
mealpreperation,complete,2011-07-07 08:49:33+00:00
personalhygiene,start,2011-07-07 08:53:07+00:00
personalhygiene,complete,2011-07-07 09:10:51+00:00
dress,start,2011-07-07 09:10:57+00:00
dress,complete,2011-07-07 09:14:56+00:00
personalhygiene,start,2011-07-07 09:15:00+00:00
personalhygiene,complete,2011-07-07 09:30:45+00:00
outdoors,start,2011-07-07 09:35:02+00:00
outdoors,complete,2011-07-07 14:12:48+00:00
snack,start,2011-07-07 14:17:20+00:00
snack,complete,2011-07-07 14:32:10+00:00
eatingdrinking,start,2011-07-07 14:32:14+00:00
eatingdrinking,complete,2011-07-07 14:44:52+00:00
personalhygiene,start,2011-07-07 14:46:41+00:00
personalhygiene,complete,2011-07-07 14:54:13+00:00
outdoors,start,2011-07-07 14:55:09+00:00
outdoors,complete,2011-07-07 16:25:46+00:00
relax,start,2011-07-07 16:32:15+00:00
relax,complete,2011-07-07 17:52:31+00:00
work,start,2011-07-07 17:55:46+00:00
work,complete,2011-07-07 18:07:51+00:00
personalhygiene,start,2011-07-07 18:07:56+00:00
personalhygiene,complete,2011-07-07 18:14:23+00:00
snack,start,2011-07-07 18:18:50+00:00
snack,complete,2011-07-07 18:24:05+00:00
personalhygiene,start,2011-07-07 18:24:39+00:00
personalhygiene,complete,2011-07-07 18:31:14+00:00
outdoors,start,2011-07-07 18:34:56+00:00
outdoors,complete,2011-07-07 18:43:20+00:00
mealpreperation,start,2011-07-07 18:53:27+00:00
mealpreperation,complete,2011-07-07 19:04:51+00:00
eatingdrinking,start,2011-07-07 19:04:53+00:00
eatingdrinking,complete,2011-07-07 19:20:43+00:00
outdoors,start,2011-07-07 19:33:52+00:00
outdoors,complete,2011-07-07 19:35:19+00:00
cleaning,start,2011-07-07 19:35:29+00:00
cleaning,complete,2011-07-07 19:45:09+00:00
outdoors,start,2011-07-07 19:45:24+00:00
outdoors,complete,2011-07-07 19:53:27+00:00
relax,start,2011-07-07 19:59:27+00:00
relax,complete,2011-07-07 21:10:53+00:00
outdoors,start,2011-07-07 21:10:57+00:00
outdoors,complete,2011-07-07 21:13:31+00:00
personalhygiene,start,2011-07-07 21:29:43+00:00
personalhygiene,complete,2011-07-07 22:07:04+00:00
sleep,start,2011-07-07 22:07:30+00:00
sleep,complete,2011-07-08 04:36:08+00:00
End,start,2011-07-08 04:36:08+00:00
End,complete,2011-07-08 04:36:08+00:00
Start,start,2011-07-08 04:36:38+00:00
Start,complete,2011-07-08 04:36:38+00:00
toilet,start,2011-07-08 04:36:38+00:00
toilet,complete,2011-07-08 04:39:33+00:00
sleep,start,2011-07-08 04:39:47+00:00
sleep,complete,2011-07-08 08:31:00+00:00
toilet,start,2011-07-08 08:31:25+00:00
toilet,complete,2011-07-08 08:34:50+00:00
sleep,start,2011-07-08 08:36:16+00:00
sleep,complete,2011-07-08 09:15:00+00:00
mealpreperation,start,2011-07-08 09:16:59+00:00
mealpreperation,complete,2011-07-08 09:22:38+00:00
eatingdrinking,start,2011-07-08 09:22:40+00:00
eatingdrinking,complete,2011-07-08 09:31:58+00:00
personalhygiene,start,2011-07-08 09:37:45+00:00
personalhygiene,complete,2011-07-08 09:52:32+00:00
dress,start,2011-07-08 09:52:33+00:00
dress,complete,2011-07-08 09:55:41+00:00
personalhygiene,start,2011-07-08 09:59:34+00:00
personalhygiene,complete,2011-07-08 10:12:41+00:00
groom,start,2011-07-08 10:12:44+00:00
groom,complete,2011-07-08 10:15:21+00:00
outdoors,start,2011-07-08 10:16:43+00:00
outdoors,complete,2011-07-08 13:39:05+00:00
toilet,start,2011-07-08 13:43:28+00:00
toilet,complete,2011-07-08 13:45:42+00:00
snack,start,2011-07-08 13:57:07+00:00
snack,complete,2011-07-08 13:59:47+00:00
relax,start,2011-07-08 14:00:10+00:00
relax,complete,2011-07-08 17:27:01+00:00
outdoors,start,2011-07-08 17:31:43+00:00
outdoors,complete,2011-07-08 17:37:46+00:00
snack,start,2011-07-08 17:38:12+00:00
snack,complete,2011-07-08 17:46:33+00:00
relax,start,2011-07-08 17:46:38+00:00
relax,complete,2011-07-08 18:38:33+00:00
cleaning,start,2011-07-08 18:38:49+00:00
cleaning,complete,2011-07-08 18:41:28+00:00
mealpreperation,start,2011-07-08 18:46:27+00:00
mealpreperation,complete,2011-07-08 19:00:38+00:00
eatingdrinking,start,2011-07-08 19:01:25+00:00
eatingdrinking,complete,2011-07-08 19:37:42+00:00
personalhygiene,start,2011-07-08 20:04:28+00:00
personalhygiene,complete,2011-07-08 20:35:39+00:00
read,start,2011-07-08 20:43:06+00:00
read,complete,2011-07-08 21:08:47+00:00
relax,start,2011-07-08 21:17:50+00:00
relax,complete,2011-07-08 21:32:34+00:00
personalhygiene,start,2011-07-08 21:34:59+00:00
personalhygiene,complete,2011-07-08 22:14:25+00:00
sleep,start,2011-07-08 22:14:54+00:00
sleep,complete,2011-07-09 06:55:29+00:00
End,start,2011-07-09 06:55:29+00:00
End,complete,2011-07-09 06:55:29+00:00
